Date,Open,High,Low,Close,Adj Close,Volume
2018-10-25,16.75,17.45,16.48,17.00,17.00,9911600
2018-10-26,16.52,16.83,15.78,16.45,16.45,2498100
2018-10-29,16.45,16.69,15.25,15.41,15.41,1630700
2018-10-30,15.63,15.67,14.62,15.26,15.26,1135500
2018-10-31,15.29,16.51,15.29,15.93,15.93,1819200
2018-11-01,16.09,16.38,15.75,16.16,16.16,708600
2018-11-02,16.25,16.55,16.01,16.50,16.50,711700
2018-11-05,16.66,17.15,16.50,17.01,17.01,525500
2018-11-06,17.00,17.44,16.71,17.20,17.20,704400
2018-11-07,17.07,17.30,16.56,16.65,16.65,465600
2018-11-08,16.79,16.83,16.28,16.31,16.31,254200
2018-11-09,16.33,16.52,15.36,16.51,16.51,800000
2018-11-12,16.39,16.70,16.21,16.53,16.53,366300
2018-11-13,16.47,17.17,16.38,16.75,16.75,402600
2018-11-14,16.75,17.17,16.70,16.89,16.89,322300
2018-11-15,16.61,17.15,16.51,16.89,16.89,444500
2018-11-16,16.79,17.13,16.75,17.02,17.02,410400
2018-11-19,17.49,18.12,17.10,17.57,17.57,2743800
2018-11-20,18.00,18.25,17.28,17.48,17.48,3055900
2018-11-21,17.76,18.12,16.57,18.12,18.12,2638800
2018-11-23,18.09,18.25,17.81,18.09,18.09,853100
2018-11-26,18.21,18.48,17.36,17.92,17.92,1166900
2018-11-27,18.04,18.20,17.57,18.08,18.08,1091200
2018-11-28,18.12,19.21,18.04,19.20,19.20,1943400
2018-11-29,20.25,21.45,15.95,16.10,16.10,6776500
2018-11-30,16.41,17.35,16.25,16.84,16.84,2184800
2018-12-03,17.22,17.40,16.92,17.01,17.01,1278100
2018-12-04,16.90,17.30,16.78,16.87,16.87,958500
2018-12-06,16.48,16.85,15.56,16.83,16.83,1034300
2018-12-07,16.65,16.99,15.40,15.44,15.44,859400
2018-12-10,15.45,15.50,14.45,15.13,15.13,988200
2018-12-11,15.39,15.73,14.50,14.85,14.85,801300
2018-12-12,14.95,15.14,13.89,13.90,13.90,1176100
2018-12-13,13.83,13.90,12.58,13.05,13.05,1630800
2018-12-14,13.00,13.95,12.88,13.77,13.77,812100
2018-12-17,13.65,13.78,13.06,13.25,13.25,821700
2018-12-18,13.30,14.18,13.30,13.75,13.75,625300
2018-12-19,13.88,14.44,13.45,13.56,13.56,521800
2018-12-20,13.50,13.73,12.76,12.98,12.98,660300
2018-12-21,13.07,13.20,12.44,12.78,12.78,3338100
2018-12-24,12.60,12.87,12.40,12.51,12.51,242000
2018-12-26,12.56,14.10,12.53,14.10,14.10,864600
2018-12-27,13.84,14.23,13.33,14.22,14.22,507500
2018-12-28,14.18,14.94,14.00,14.82,14.82,474900
2018-12-31,14.89,15.13,14.45,14.84,14.84,514800
2019-01-02,14.73,16.35,14.58,16.17,16.17,1040600
2019-01-03,15.99,16.00,14.61,15.04,15.04,874900
2019-01-04,15.24,15.74,15.05,15.30,15.30,469300
2019-01-07,15.47,16.33,15.32,16.26,16.26,663400
2019-01-08,16.70,17.18,16.14,16.83,16.83,897800
2019-01-09,16.83,17.18,16.57,16.71,16.71,706600
2019-01-10,16.55,16.74,16.08,16.35,16.35,852900
2019-01-11,16.24,16.94,16.24,16.72,16.72,726500
2019-01-14,18.58,19.20,17.35,18.14,18.14,4197000
2019-01-15,18.05,18.65,17.28,17.55,17.55,1580700
2019-01-16,17.58,18.07,17.15,17.50,17.50,986300
2019-01-17,17.81,18.60,17.80,18.09,18.09,1298300
2019-01-18,18.19,18.51,17.62,18.08,18.08,752400
2019-01-22,17.97,18.32,16.77,17.17,17.17,1422400
2019-01-23,17.24,17.70,17.18,17.53,17.53,1087200
2019-01-24,17.53,18.00,17.43,17.91,17.91,651900
2019-01-25,17.98,18.15,17.59,17.75,17.75,664100
2019-01-28,17.50,18.09,17.01,17.69,17.69,495400
2019-01-29,17.71,17.88,16.56,16.77,16.77,1117900
2019-01-30,17.31,17.36,16.40,16.82,16.82,1427700
2019-01-31,16.85,17.05,16.66,17.01,17.01,626700
2019-02-01,17.00,17.06,16.32,16.80,16.80,1122200
2019-02-04,16.74,17.31,16.74,17.07,17.07,998100
2019-02-05,17.15,18.18,17.11,17.54,17.54,1012400
2019-02-06,17.55,17.85,17.20,17.77,17.77,419800
2019-02-07,17.60,17.96,17.44,17.67,17.67,525500
2019-02-08,17.52,17.98,17.41,17.92,17.92,516000
2019-02-11,17.99,18.34,17.61,17.82,17.82,627200
2019-02-12,18.03,18.67,17.82,18.48,18.48,877300
2019-02-13,18.59,18.84,18.37,18.66,18.66,1056700
2019-02-14,20.90,22.30,19.86,21.90,21.90,6439600
2019-02-15,22.26,23.62,21.81,22.84,22.84,3291200
2019-02-19,23.25,24.64,23.10,23.89,23.89,3550400
2019-02-20,24.19,24.93,22.54,23.16,23.16,3189800
2019-02-21,23.00,23.83,22.90,23.64,23.64,1666700
2019-02-22,23.79,24.55,23.40,24.47,24.47,1048200
2019-02-25,24.90,24.93,23.22,23.62,23.62,1053900
2019-02-26,23.64,24.19,22.92,23.14,23.14,1005100
2019-02-27,23.28,24.67,23.20,24.22,24.22,1285000
2019-02-28,24.20,24.46,23.75,23.99,23.99,792100
2019-03-01,24.22,25.92,24.07,25.09,25.09,1932000
2019-03-04,25.75,25.83,23.46,23.72,23.72,1408100
2019-03-05,23.61,24.49,23.25,24.08,24.08,1076700
2019-03-06,24.07,24.68,23.72,24.02,24.02,741700
2019-03-07,24.00,24.00,22.36,22.59,22.59,1333700
2019-03-08,22.43,23.95,22.35,23.95,23.95,1152600
2019-03-11,24.00,24.31,23.50,24.15,24.15,791500
2019-03-12,23.89,24.80,23.65,24.42,24.42,1326400
2019-03-13,24.60,27.11,24.37,26.27,26.27,2855000
2019-03-14,26.93,27.86,26.00,27.81,27.81,2105900
2019-03-15,28.19,29.79,28.01,29.79,29.79,2694400
2019-03-18,30.27,30.27,28.07,30.02,30.02,2284200
2019-03-19,29.90,31.00,28.62,29.28,29.28,1953600
2019-03-20,29.02,29.10,27.52,28.16,28.16,1405900
2019-03-21,27.92,29.12,27.55,28.72,28.72,897500
2019-03-22,29.30,31.44,28.28,28.62,28.62,3440300
2019-03-25,28.61,30.39,28.44,30.02,30.02,1518700
2019-03-26,30.66,31.46,30.44,30.73,30.73,2213200
2019-03-27,30.84,33.20,30.80,32.56,32.56,3616400
2019-03-28,33.00,34.43,30.68,31.89,31.89,3166400
2019-03-29,30.52,30.59,28.67,30.25,30.25,3084300
2019-04-01,30.15,30.17,27.85,29.99,29.99,2142200
2019-04-02,29.65,30.81,28.93,30.65,30.65,1034500
2019-04-03,30.98,31.84,29.65,30.14,30.14,1579900
2019-04-04,29.73,30.48,29.50,29.59,29.59,842000
2019-04-05,29.63,30.27,29.05,29.60,29.60,983800
2019-04-08,29.80,29.91,28.30,29.50,29.50,1033800
2019-04-09,29.35,30.67,29.10,29.87,29.87,1028600
2019-04-10,29.93,30.67,29.67,30.20,30.20,912500
2019-04-11,30.77,32.27,30.72,32.00,32.00,1766000
2019-04-12,32.74,32.88,30.50,30.95,30.95,1152700
2019-04-15,31.08,32.10,30.51,32.04,32.04,690000
2019-04-16,32.13,32.32,31.00,31.56,31.56,1081300
2019-04-17,31.79,32.20,31.00,32.01,32.01,833200
2019-04-18,31.69,33.00,31.30,32.53,32.53,1205300
2019-04-22,31.81,31.95,30.38,30.91,30.91,1827900
2019-04-23,31.40,32.71,31.13,31.64,31.64,2047800
2019-04-24,31.74,33.03,31.31,33.02,33.02,908100
2019-04-25,33.16,34.33,32.52,33.35,33.35,1187200
2019-04-26,33.44,35.25,33.15,34.92,34.92,1172300
2019-04-29,35.21,36.59,34.55,35.50,35.50,1895500
2019-04-30,35.58,36.60,34.75,35.68,35.68,1470700
2019-05-01,35.92,36.00,33.29,33.92,33.92,1996900
2019-05-02,32.15,33.35,29.81,30.94,30.94,5964900
2019-05-03,30.46,31.60,29.14,31.50,31.50,2296700
2019-05-06,30.43,30.60,29.59,30.15,30.15,1978100
2019-05-07,29.97,30.00,27.13,28.71,28.71,3536500
2019-05-08,28.11,29.50,27.22,29.04,29.04,2898200
2019-05-09,27.59,28.80,27.01,28.38,28.38,7603400
2019-05-10,28.31,29.12,28.31,29.00,29.00,2635600
2019-05-13,27.80,29.04,27.33,28.64,28.64,3603200
2019-05-14,28.93,30.00,28.50,28.59,28.59,1924700
2019-05-15,28.46,28.67,27.98,28.11,28.11,2527600
2019-05-16,28.00,28.05,26.92,27.50,27.50,2447300
2019-05-17,27.35,27.48,25.35,25.62,25.62,2858400
2019-05-20,25.36,25.89,24.60,25.33,25.33,2047000
2019-05-21,25.91,27.62,25.80,27.38,27.38,2506700
2019-05-22,27.00,27.90,26.77,27.10,27.10,1238600
2019-05-23,26.63,27.77,26.27,27.39,27.39,1600200
2019-05-24,27.51,28.01,26.62,26.62,26.62,1582400
2019-05-28,26.79,27.32,26.69,26.97,26.97,1330000
2019-05-29,26.82,26.89,24.50,24.84,24.84,3625400
2019-05-30,24.98,25.79,24.69,25.78,25.78,3043300
2019-05-31,25.05,25.39,23.77,23.92,23.92,2001200
2019-06-03,24.10,24.36,23.11,23.71,23.71,2915300
2019-06-04,24.17,24.39,23.41,24.29,24.29,2534000
2019-06-05,24.45,24.72,23.63,24.50,24.50,1314500
2019-06-06,24.43,24.58,23.21,23.76,23.76,1997100
2019-06-07,23.76,25.34,23.75,25.16,25.16,1476400
2019-06-10,25.39,25.85,25.07,25.31,25.31,1094700
2019-06-11,25.52,26.10,25.40,25.88,25.88,1036700
2019-06-12,26.23,26.88,25.85,26.12,26.12,1143500
2019-06-13,26.43,27.81,26.17,27.23,27.23,1813100
2019-06-14,27.27,27.71,26.88,27.00,27.00,1149700
2019-06-17,27.29,27.35,26.32,26.77,26.77,1119500
2019-06-18,27.00,28.18,26.65,28.01,28.01,2086900
2019-06-19,28.01,28.74,27.92,28.29,28.29,1412100
2019-06-20,28.69,28.85,28.08,28.25,28.25,955700
2019-06-21,28.34,29.19,28.29,29.19,29.19,1350800
2019-06-24,29.39,29.84,27.34,27.75,27.75,2167900
2019-06-25,27.74,28.44,27.21,27.61,27.61,909200
2019-06-26,27.61,27.90,26.59,27.62,27.62,963600
2019-06-27,27.80,29.00,27.63,28.57,28.57,970400
2019-06-28,28.61,29.24,28.17,28.95,28.95,2030900
2019-07-01,29.35,29.86,28.82,29.77,29.77,1256200
2019-07-02,29.75,29.77,28.53,29.27,29.27,997300
2019-07-03,29.34,30.33,29.24,30.27,30.27,871100
2019-07-05,30.24,30.47,29.50,30.32,30.32,1234000
2019-07-08,30.03,31.40,30.03,31.00,31.00,1000300
2019-07-09,31.16,32.84,30.88,32.61,32.61,2192200
2019-07-10,32.80,33.87,32.54,33.49,33.49,1988400
2019-07-11,33.78,33.97,32.87,33.96,33.96,2037000
2019-07-12,34.00,34.27,33.12,33.41,33.41,1353100
2019-07-15,33.59,33.59,30.81,32.25,32.25,2550500
2019-07-16,32.10,32.96,31.87,32.78,32.78,942500
2019-07-17,32.81,32.88,31.85,32.03,32.03,786600
2019-07-18,32.11,32.74,31.56,32.20,32.20,758600
2019-07-19,32.31,33.22,32.18,32.87,32.87,994600
2019-07-22,32.92,33.18,31.75,32.28,32.28,1153100
2019-07-23,33.00,36.50,32.46,36.26,36.26,3906500
2019-07-24,36.19,36.78,35.40,36.36,36.36,1827000
2019-07-25,36.56,38.11,35.19,35.73,35.73,2015300
2019-07-26,35.97,36.46,33.90,35.85,35.85,1170800
2019-07-29,36.25,36.53,34.86,36.34,36.34,919900
2019-07-30,35.93,35.93,34.25,34.88,34.88,1140200
2019-07-31,34.95,36.09,34.47,34.76,34.76,2200500
2019-08-01,34.46,34.72,29.76,32.34,32.34,4754000
2019-08-02,31.57,32.29,30.05,30.36,30.36,2389100
2019-08-05,29.50,29.70,28.63,29.53,29.53,1737700
2019-08-06,30.00,30.25,28.98,29.79,29.79,1210500
2019-08-07,29.25,29.63,27.71,28.90,28.90,1720500
2019-08-08,29.34,31.24,28.65,31.00,31.00,1394600
2019-08-09,30.70,30.72,29.58,30.09,30.09,1069000
2019-08-12,29.63,29.88,28.51,29.04,29.04,974500
2019-08-13,29.00,31.00,28.59,29.72,29.72,1278100
2019-08-14,29.00,29.00,27.50,28.05,28.05,1267100
2019-08-15,28.13,28.37,26.93,27.00,27.00,1183700
2019-08-16,27.46,27.89,26.88,27.67,27.67,1063200
2019-08-19,28.03,28.40,27.45,27.78,27.78,902400
2019-08-20,27.97,28.39,27.00,28.08,28.08,917900
2019-08-21,28.28,28.53,28.02,28.20,28.20,1078300
2019-08-22,28.42,29.43,28.35,29.06,29.06,1205100
2019-08-23,28.60,29.00,26.00,26.13,26.13,1851000
2019-08-26,27.20,27.80,25.18,25.78,25.78,1572000
2019-08-27,26.00,26.60,25.83,26.34,26.34,1194700
2019-08-28,26.29,27.40,26.02,27.26,27.26,998000
2019-08-29,27.68,28.45,27.33,28.42,28.42,1218600
2019-08-30,28.66,28.92,27.77,28.25,28.25,913800
2019-09-03,27.70,28.25,26.53,26.62,26.62,922900
2019-09-04,27.18,28.96,27.01,28.82,28.82,2123300
2019-09-05,29.29,29.80,28.82,29.23,29.23,1118500
2019-09-06,29.60,30.84,29.52,30.35,30.35,1515200
2019-09-09,30.50,30.55,28.71,28.89,28.89,985500
2019-09-10,28.88,30.24,28.52,30.14,30.14,1267700
2019-09-11,30.54,30.63,29.55,30.30,30.30,1166400
2019-09-12,30.19,31.81,30.01,30.70,30.70,1328800
2019-09-13,30.84,31.37,29.87,30.00,30.00,954100
2019-09-16,29.70,30.28,28.60,28.85,28.85,820100
2019-09-17,29.66,30.27,29.01,29.50,29.50,834300
2019-09-18,29.37,29.58,28.05,28.79,28.79,792900
2019-09-19,29.03,29.30,28.71,28.85,28.85,577700
2019-09-20,28.99,29.40,28.44,28.94,28.94,1359100
2019-09-23,28.83,30.67,28.71,29.93,29.93,932300
2019-09-24,30.01,30.30,29.18,29.53,29.53,761200
2019-09-25,29.63,29.97,29.06,29.60,29.60,564600
2019-09-26,29.60,29.88,28.11,28.43,28.43,930200
2019-09-27,28.46,29.48,27.80,28.10,28.10,804100
2019-09-30,28.21,28.80,27.76,28.00,28.00,602700
2019-10-01,28.02,28.41,26.67,26.71,26.71,1266500
2019-10-02,26.25,26.83,26.10,26.74,26.74,905600
2019-10-03,26.70,28.34,26.10,28.28,28.28,878000
2019-10-04,28.42,28.61,27.59,28.46,28.46,562600
2019-10-07,28.17,28.75,27.80,28.66,28.66,391100
2019-10-08,28.10,28.79,27.79,28.50,28.50,435200
2019-10-09,28.75,29.68,28.36,29.13,29.13,859400
2019-10-10,29.01,29.93,29.00,29.54,29.54,743300
2019-10-11,29.90,32.03,29.88,31.79,31.79,1423700
2019-10-14,31.32,32.18,30.82,32.00,32.00,564500
2019-10-15,32.05,32.59,31.53,32.34,32.34,524800
2019-10-16,32.20,32.82,31.62,32.01,32.01,595500
2019-10-17,32.16,32.49,31.55,31.89,31.89,377700
2019-10-18,31.55,33.41,31.13,32.45,32.45,1074700
2019-10-21,32.60,32.82,31.23,31.89,31.89,663700
2019-10-22,32.44,32.71,31.52,31.87,31.87,433600
2019-10-23,31.61,31.92,31.11,31.40,31.40,528100
2019-10-24,31.41,32.24,31.14,32.19,32.19,370300
2019-10-25,31.95,33.11,31.95,32.81,32.81,425600
2019-10-28,33.15,34.20,33.00,33.32,33.32,1285100
2019-10-29,33.37,34.25,33.35,33.63,33.63,1207500
2019-10-30,33.54,34.74,33.50,34.71,34.71,1879300
2019-10-31,34.00,34.00,31.80,33.31,33.31,2533400
2019-11-01,32.99,34.03,32.53,32.90,32.90,1392100
2019-11-04,33.10,33.43,32.45,33.11,33.11,1884100
2019-11-05,31.24,32.69,30.60,31.87,31.87,2591700
2019-11-06,31.71,32.70,30.50,30.73,30.73,1785900
2019-11-07,30.25,30.59,29.09,29.16,29.16,7085700
2019-11-08,29.75,30.99,29.55,30.44,30.44,2517800
2019-11-11,30.24,30.88,30.01,30.41,30.41,2372500
2019-11-12,30.40,30.73,29.84,30.37,30.37,860100
2019-11-13,30.18,31.42,30.10,31.15,31.15,1034000
2019-11-14,31.00,31.10,29.15,29.41,29.41,1714300
2019-11-15,29.61,30.54,29.51,29.70,29.70,1528300
2019-11-18,29.66,29.99,28.54,29.41,29.41,1463600
2019-11-19,29.34,29.50,28.86,29.28,29.28,736900
2019-11-20,29.08,29.97,29.05,29.79,29.79,896200
2019-11-21,29.86,30.19,28.72,28.73,28.73,1071800
2019-11-22,29.11,29.22,28.32,29.07,29.07,818200
2019-11-25,29.25,29.80,29.13,29.57,29.57,985400
2019-11-26,29.60,30.49,29.41,30.44,30.44,1386000
2019-11-27,30.65,32.24,30.45,32.02,32.02,1094600
2019-11-29,31.81,32.35,31.50,31.82,31.82,435900
2019-12-02,31.80,32.14,31.47,31.80,31.80,1177300
2019-12-03,31.04,31.08,29.16,29.97,29.97,2424300
2019-12-04,30.51,31.88,30.50,31.37,31.37,1351200
2019-12-05,32.92,34.20,31.60,32.28,32.28,3320600
2019-12-06,32.51,32.83,31.26,31.42,31.42,1482800
2019-12-09,31.35,31.55,30.47,30.81,30.81,873100
2019-12-10,30.74,31.46,30.55,30.71,30.71,713700
2019-12-11,31.30,32.38,30.90,31.87,31.87,1554100
2019-12-12,31.92,33.94,31.86,33.84,33.84,1721300
2019-12-13,33.34,33.52,32.32,33.34,33.34,1398300
2019-12-16,33.59,33.73,32.40,32.70,32.70,1259300
2019-12-17,32.98,33.83,32.63,33.27,33.27,1369600
2019-12-18,33.35,35.53,33.30,34.05,34.05,2540400
2019-12-19,33.90,34.04,32.71,33.41,33.41,2151500
2019-12-20,33.52,34.83,33.19,34.71,34.71,1466300
2019-12-23,34.77,35.00,34.17,34.31,34.31,838900
2019-12-24,34.50,34.83,34.02,34.54,34.54,323200
2019-12-26,34.65,34.83,33.92,34.48,34.48,647900
2019-12-27,34.84,35.62,34.55,34.98,34.98,1393100
2019-12-30,35.00,35.43,33.92,35.03,35.03,1275000
2019-12-31,35.00,35.05,34.37,34.78,34.78,1017800
2020-01-02,34.78,35.29,34.20,34.90,34.90,1529200
2020-01-03,34.32,34.74,33.53,33.78,33.78,1371900
2020-01-06,33.26,33.26,30.92,32.12,32.12,3290600
2020-01-07,32.15,32.72,31.32,31.40,31.40,1736900
2020-01-08,31.37,32.60,31.27,32.16,32.16,1759400
2020-01-09,32.45,32.61,31.50,31.84,31.84,1391800
2020-01-10,31.79,32.00,30.95,31.31,31.31,1646100
2020-01-13,31.44,32.16,31.30,32.04,32.04,973800
2020-01-14,32.02,32.93,31.65,32.44,32.44,1154700
2020-01-15,32.24,33.08,32.20,32.86,32.86,1080000
2020-01-16,33.18,33.35,32.44,32.62,32.62,863100
2020-01-17,32.82,34.30,32.69,34.25,34.25,2155300
2020-01-21,34.09,37.15,33.66,35.70,35.70,4846700
2020-01-22,35.89,36.41,33.85,34.22,34.22,1505900
2020-01-23,33.98,34.96,33.85,34.68,34.68,775900
2020-01-24,34.81,34.93,33.44,34.19,34.19,841300
2020-01-27,33.16,34.46,32.80,33.83,33.83,1016900
2020-01-28,34.26,35.00,33.74,34.63,34.63,903000
2020-01-29,34.97,36.18,34.91,35.82,35.82,1626300
2020-01-30,35.91,37.61,35.89,37.39,37.39,2562400
2020-01-31,37.35,37.35,36.29,36.36,36.36,1328400
2020-02-03,36.61,37.15,35.94,36.68,36.68,1202600
2020-02-04,37.90,38.61,37.30,37.91,37.91,1316200
2020-02-05,38.45,38.45,37.20,37.43,37.43,994300
2020-02-06,37.56,37.67,36.15,36.59,36.59,1121700
2020-02-07,36.52,36.52,35.28,35.60,35.60,1302800
2020-02-10,35.53,36.73,35.42,35.80,35.80,1280800
2020-02-11,36.18,36.30,34.08,34.23,34.23,2165600
2020-02-12,34.50,35.13,33.55,34.72,34.72,2717100
2020-02-13,34.70,35.08,32.26,34.19,34.19,4657200
2020-02-14,34.60,34.63,32.25,32.84,32.84,3996200
2020-02-18,31.80,32.37,31.66,32.13,32.13,6220200
2020-02-19,32.25,32.48,31.78,32.14,32.14,2760500
2020-02-20,32.05,33.10,31.77,32.41,32.41,3754300
2020-02-21,32.22,32.32,31.13,31.78,31.78,4066300
2020-02-24,30.50,32.16,30.19,31.89,31.89,3054700
2020-02-25,32.05,32.08,30.65,31.15,31.15,2319800
2020-02-26,31.20,32.03,30.26,30.41,30.41,2948900
2020-02-27,29.55,30.66,28.30,29.44,29.44,3414400
2020-02-28,28.15,30.34,28.08,30.25,30.25,3198500
2020-03-02,30.36,30.36,28.43,29.61,29.61,3230600
2020-03-03,30.34,31.07,28.57,29.11,29.11,2411500
2020-03-04,29.51,30.51,28.90,30.39,30.39,1569800
2020-03-05,29.42,29.76,28.25,28.39,28.39,2016900
2020-03-06,27.45,28.40,26.75,26.85,26.85,2887200
2020-03-09,25.43,25.56,22.93,22.98,22.98,3295200
2020-03-10,24.20,25.94,23.00,25.78,25.78,4418000
2020-03-11,25.02,25.69,23.04,23.51,23.51,2700700
2020-03-12,20.50,23.15,20.50,22.40,22.40,2806400
2020-03-13,23.62,23.80,20.94,22.88,22.88,2126300
2020-03-16,20.00,21.21,19.43,19.89,19.89,2585500
2020-03-17,20.22,21.24,18.14,19.86,19.86,2261000
2020-03-18,18.74,19.10,15.64,17.23,17.23,2624300
2020-03-19,17.00,18.85,15.82,18.41,18.41,2553300
2020-03-20,18.57,19.12,16.15,16.42,16.42,2779900
2020-03-23,16.39,16.90,15.28,15.58,15.58,1993300
2020-03-24,16.61,18.82,16.06,18.65,18.65,2128100
2020-03-25,19.05,21.86,18.66,21.33,21.33,3075400
2020-03-26,21.60,22.67,21.09,22.14,22.14,1975700
2020-03-27,20.89,21.60,19.25,20.93,20.93,1799000
2020-03-30,20.60,20.75,19.40,20.17,20.17,1383100
2020-03-31,19.94,20.92,19.31,19.52,19.52,1445200
2020-04-01,18.46,18.60,17.56,18.06,18.06,1716700
2020-04-02,17.81,18.06,16.41,16.93,16.93,1743700
2020-04-03,16.93,17.62,16.53,17.29,17.29,1480700
2020-04-06,18.71,19.35,18.16,18.80,18.80,1496800
2020-04-07,19.75,20.76,19.25,20.10,20.10,1917200
2020-04-08,20.39,22.62,20.12,22.17,22.17,1850900
2020-04-09,22.69,23.70,22.36,23.30,23.30,1877700
2020-04-13,23.26,23.29,21.42,22.25,22.25,1236800
2020-04-14,24.48,26.28,24.48,25.88,25.88,4987800
2020-04-15,24.29,24.91,22.63,24.54,24.54,3098400
2020-04-16,24.84,25.56,24.33,24.89,24.89,9817400
2020-04-17,24.89,25.50,23.85,24.42,24.42,2515000
2020-04-20,23.86,25.19,23.66,24.06,24.06,1586300
2020-04-21,23.21,23.82,22.69,23.11,23.11,1416200
2020-04-22,23.70,24.14,23.05,23.05,23.05,1656000
2020-04-23,23.54,24.15,23.13,23.22,23.22,1539900
2020-04-24,23.57,25.00,22.90,24.88,24.88,1861400
2020-04-27,25.46,26.69,25.15,26.00,26.00,2010700
2020-04-28,26.98,27.50,26.16,26.67,26.67,1584200
2020-04-29,27.67,29.40,27.01,28.62,28.62,1922300
2020-04-30,28.33,28.89,27.32,27.61,27.61,1260000
2020-05-01,26.76,27.39,25.67,26.06,26.06,1862400
2020-05-04,25.67,26.57,25.06,26.50,26.50,1648200
2020-05-05,26.82,27.92,26.74,26.88,26.88,1067600
2020-05-06,27.01,28.16,26.79,27.26,27.26,1522000
2020-05-07,29.85,30.49,27.64,28.32,28.32,2218400
2020-05-08,28.50,29.47,28.26,29.09,29.09,2232200
2020-05-11,27.70,27.87,26.30,27.22,27.22,7961400
2020-05-12,27.58,28.08,27.01,27.34,27.34,8612700
2020-05-13,27.48,27.69,24.63,26.17,26.17,3157700
2020-05-14,25.53,26.25,24.82,26.13,26.13,4589300
2020-05-15,25.80,27.44,25.38,26.93,26.93,2509000
2020-05-18,28.15,28.84,27.95,28.50,28.50,1916100
2020-05-19,28.27,29.11,28.01,28.03,28.03,1271600
2020-05-20,28.50,29.10,27.93,29.03,29.03,1500800
2020-05-21,28.96,30.39,28.66,30.04,30.04,1764800
2020-05-22,30.19,30.57,29.12,30.44,30.44,1311600
2020-05-26,32.00,33.23,31.79,31.99,31.99,2013300
2020-05-27,32.58,33.97,32.20,33.75,33.75,2128200
2020-05-28,32.07,32.89,31.65,31.98,31.98,3371700
2020-05-29,31.69,32.46,31.27,32.10,32.10,3949700
2020-06-01,32.43,33.13,31.86,32.20,32.20,1096900
2020-06-02,32.51,33.74,32.01,33.19,33.19,1857800
2020-06-03,33.96,34.48,33.37,34.02,34.02,2373600
2020-06-04,33.87,35.30,33.70,34.59,34.59,1440900
2020-06-05,35.44,36.79,35.43,35.82,35.82,1712900
2020-06-08,36.84,38.97,36.77,37.05,37.05,3713500
2020-06-09,36.45,37.31,35.46,36.71,36.71,1644300
2020-06-10,37.36,37.93,36.50,36.76,36.76,1515300
2020-06-11,34.91,35.20,33.07,33.41,33.41,1676400
2020-06-12,35.18,35.87,34.22,35.67,35.67,1320100
2020-06-15,34.05,36.21,33.68,35.87,35.87,1654700
2020-06-16,39.09,39.09,36.69,37.10,37.10,1663100
2020-06-17,37.00,38.04,36.88,37.65,37.65,1277900
2020-06-18,37.07,38.91,37.01,38.42,38.42,1199500
2020-06-19,38.71,39.62,38.69,39.33,39.33,1933800
2020-06-22,38.80,40.59,38.72,40.47,40.47,1257600
2020-06-23,41.55,44.60,41.28,42.96,42.96,4042400
2020-06-24,42.32,44.48,40.95,41.92,41.92,2444300
2020-06-25,41.53,43.09,41.17,42.96,42.96,1876500
2020-06-26,42.86,43.49,41.25,41.54,41.54,2163000
2020-06-29,41.69,42.89,41.17,42.72,42.72,1245200
2020-06-30,42.64,43.76,42.12,42.73,42.73,1367800
2020-07-01,43.60,44.31,43.09,43.85,43.85,1483700
2020-07-02,44.94,45.18,42.44,42.65,42.65,1446400
2020-07-06,43.87,44.39,42.99,43.09,43.09,1147300
2020-07-07,42.54,43.21,41.98,42.00,42.00,1902500
2020-07-08,42.00,42.27,40.75,42.04,42.04,1595400
2020-07-09,42.25,42.89,41.63,41.88,41.88,1110000
2020-07-10,41.97,42.58,41.46,41.81,41.81,1055400
2020-07-13,42.47,42.79,40.44,40.56,40.56,1056100
2020-07-14,40.45,41.74,40.10,41.45,41.45,863200
2020-07-15,43.24,43.99,42.14,43.95,43.95,2392500
2020-07-16,43.45,44.37,43.27,43.82,43.82,1284600
2020-07-17,45.00,45.00,43.86,44.16,44.16,1297100
2020-07-20,44.00,45.31,43.93,45.05,45.05,1159600
2020-07-21,46.31,46.36,45.24,45.76,45.76,1264100
2020-07-22,45.84,47.60,45.79,46.88,46.88,1100900
2020-07-23,46.88,47.96,45.26,46.26,46.26,1042700
2020-07-24,45.73,46.12,44.41,45.59,45.59,959200
2020-07-27,45.59,46.73,45.02,46.61,46.61,981700
2020-07-28,46.40,46.90,45.39,45.42,45.42,852100
2020-07-29,45.65,47.07,45.65,46.81,46.81,1267700
2020-07-30,46.44,48.47,46.33,48.03,48.03,993700
2020-07-31,48.26,48.96,47.21,48.89,48.89,1301100
2020-08-03,49.15,51.09,49.02,50.80,50.80,1302900
2020-08-04,50.58,50.90,50.04,50.51,50.51,1422600
2020-08-05,51.08,52.21,50.74,51.63,51.63,3120100
2020-08-06,52.64,55.04,50.52,50.80,50.80,3362400
2020-08-07,51.74,52.22,49.84,50.40,50.40,2426900
2020-08-10,50.55,51.14,47.24,47.85,47.85,1605300
2020-08-11,48.07,49.05,46.72,47.65,47.65,1993900
2020-08-12,48.01,49.46,47.83,49.42,49.42,1694100
2020-08-13,49.29,50.95,49.17,49.99,49.99,1324500
2020-08-14,49.51,50.26,49.26,49.38,49.38,930200
2020-08-17,48.57,50.08,48.04,49.86,49.86,998100
2020-08-18,50.07,50.14,49.02,49.38,49.38,994100
2020-08-19,49.36,51.00,49.18,50.39,50.39,2112700
2020-08-20,49.98,51.42,49.76,50.37,50.37,1351400
2020-08-21,49.90,51.98,49.55,51.72,51.72,1378600
2020-08-24,52.82,52.89,51.14,51.34,51.34,1479700
2020-08-25,51.30,51.77,50.41,51.63,51.63,1331700
2020-08-26,52.16,52.35,51.09,51.10,51.10,1226900
2020-08-27,51.29,51.98,49.91,50.42,50.42,1481300
2020-08-28,50.84,51.57,50.55,51.26,51.26,828100
2020-08-31,51.39,51.62,50.28,51.38,51.38,1385400
2020-09-01,51.96,53.54,51.66,53.54,53.54,1514200
2020-09-02,53.88,54.00,51.06,53.32,53.32,1410300
2020-09-03,52.50,52.97,48.57,49.72,49.72,2220600
2020-09-04,50.22,50.77,45.77,49.51,49.51,1788000
2020-09-08,47.59,50.40,47.56,48.97,48.97,1026400
2020-09-09,49.69,50.49,48.95,49.99,49.99,1385800
2020-09-10,50.27,51.08,48.55,48.81,48.81,842500
2020-09-11,49.64,50.60,48.42,48.85,48.85,939500
2020-09-14,49.28,49.51,46.87,47.84,47.84,1318500
2020-09-15,48.28,48.88,47.92,48.13,48.13,860200
2020-09-16,48.40,48.43,46.36,47.90,47.90,1271000
2020-09-17,46.83,47.46,45.65,46.00,46.00,1314600
2020-09-18,46.43,46.70,44.27,44.61,44.61,3072500
2020-09-21,43.50,45.39,43.09,45.19,45.19,1819900
2020-09-22,45.80,47.42,44.57,47.04,47.04,1499700
2020-09-23,47.07,47.19,44.31,44.44,44.44,1090200
2020-09-24,44.34,45.28,43.38,44.10,44.10,1206000
2020-09-25,44.31,45.73,44.08,45.19,45.19,1009300
2020-09-28,46.40,46.40,44.81,45.93,45.93,791900
2020-09-29,46.20,46.57,45.34,45.82,45.82,683000
2020-09-30,45.81,46.45,44.84,45.32,45.32,1096400
2020-10-01,45.69,46.57,44.63,46.53,46.53,1041100
2020-10-02,45.08,47.18,45.08,46.89,46.89,859100
2020-10-05,47.31,48.56,47.17,48.45,48.45,773000
2020-10-06,48.90,49.88,48.15,48.35,48.35,1151300
2020-10-07,49.00,50.95,48.88,50.00,50.00,1148200
2020-10-08,50.54,50.57,49.03,49.27,49.27,846300
2020-10-09,49.64,50.97,49.64,50.61,50.61,873000
2020-10-12,51.00,51.70,49.82,49.93,49.93,889700
2020-10-13,49.55,52.69,49.22,52.50,52.50,864000
2020-10-14,52.64,53.60,51.45,51.78,51.78,1096900
2020-10-15,50.74,53.46,50.72,53.35,53.35,669700
2020-10-16,53.45,53.80,51.90,52.06,52.06,507200
2020-10-19,52.52,54.18,51.95,52.16,52.16,783500
2020-10-20,52.46,53.37,51.02,51.23,51.23,697500
2020-10-21,51.52,52.58,50.74,51.29,51.29,524000
2020-10-22,51.34,51.60,49.64,50.37,50.37,502000
2020-10-23,50.68,51.09,49.68,50.74,50.74,587900
2020-10-26,50.00,50.99,49.54,50.65,50.65,740700
2020-10-27,51.19,53.57,50.56,53.07,53.07,1203400
2020-10-28,52.47,53.04,51.34,52.27,52.27,986500
2020-10-29,52.14,52.83,51.22,52.25,52.25,716500
2020-10-30,51.99,52.35,48.65,49.48,49.48,1704500
2020-11-02,49.85,50.20,48.27,49.09,49.09,711300
2020-11-03,49.78,50.28,48.55,48.80,48.80,742000
2020-11-04,48.87,51.61,47.66,51.42,51.42,977200
2020-11-05,53.34,60.93,51.79,59.91,59.91,5417100
2020-11-06,61.18,62.72,58.11,58.75,58.75,1724400
2020-11-09,59.64,59.75,50.45,51.45,51.45,4132000
2020-11-10,51.25,56.14,50.53,55.64,55.64,3338900
2020-11-11,56.09,56.50,53.84,56.14,56.14,1203500
2020-11-12,55.79,57.17,55.12,55.65,55.65,917800
2020-11-13,56.51,58.42,56.40,57.13,57.13,1486300
2020-11-16,56.73,57.89,56.11,57.32,57.32,1955800
2020-11-17,57.27,57.98,55.80,57.87,57.87,1566600
2020-11-18,57.45,58.82,57.03,57.48,57.48,1954600
2020-11-19,57.99,60.43,57.74,60.23,60.23,1077000
2020-11-20,60.10,61.99,59.20,61.78,61.78,1233300
2020-11-23,62.54,63.12,60.99,61.63,61.63,1422900
2020-11-24,62.61,63.00,61.90,62.11,62.11,887500
2020-11-25,61.84,64.11,61.67,63.58,63.58,778000
2020-11-27,63.01,64.37,62.69,64.18,64.18,361600
2020-11-30,64.28,64.29,61.83,63.17,63.17,1182300
2020-12-01,63.99,64.13,61.20,62.47,62.47,745400
2020-12-02,62.08,63.68,60.90,62.81,62.81,576900
2020-12-03,63.07,65.49,62.50,64.49,64.49,1089300
2020-12-04,64.49,64.90,62.71,62.81,62.81,610100
2020-12-07,62.55,64.02,62.20,63.82,63.82,601800
2020-12-08,64.19,67.54,63.07,67.10,67.10,1657700
2020-12-09,67.56,71.49,66.68,69.62,69.62,2212500
2020-12-10,68.75,72.02,68.00,71.27,71.27,1496800
2020-12-11,70.80,72.06,67.84,68.26,68.26,1644900
2020-12-14,69.70,71.34,68.97,70.81,70.81,1238100
2020-12-15,71.26,72.39,70.65,72.22,72.22,714400
2020-12-16,72.51,74.07,71.86,73.65,73.65,954600
2020-12-17,74.38,74.66,70.71,71.97,71.97,990700
2020-12-18,72.64,73.74,71.52,72.37,72.37,1164000
2020-12-21,70.97,73.09,70.53,72.23,72.23,479000
2020-12-22,72.99,74.82,72.58,74.32,74.32,580700
2020-12-23,74.13,74.73,72.76,72.89,72.89,480200
2020-12-24,72.91,73.83,72.52,73.09,73.09,169400
2020-12-28,73.78,73.88,69.76,69.82,69.82,708000
2020-12-29,70.16,70.55,67.04,68.77,68.77,838500
2020-12-30,68.91,70.16,67.90,68.19,68.19,483300
2020-12-31,68.62,69.27,67.84,68.47,68.47,656100
2021-01-04,70.25,70.25,67.50,68.48,68.48,927100
2021-01-05,68.03,70.04,68.03,69.62,69.62,559600
2021-01-06,69.24,72.92,69.24,71.29,71.29,1012500
2021-01-07,71.75,73.93,71.27,72.56,72.56,859200
2021-01-08,73.49,74.35,72.23,73.48,73.48,514700
2021-01-11,72.99,76.74,71.48,75.95,75.95,653700
2021-01-12,75.90,78.19,75.22,78.04,78.04,713400
2021-01-13,78.76,79.86,77.65,77.84,77.84,634800
2021-01-14,79.08,80.89,77.45,77.50,77.50,817500
2021-01-15,74.49,75.80,73.00,74.01,74.01,1018300
2021-01-19,67.84,71.96,67.54,69.17,69.17,3871300
2021-01-20,69.92,72.11,68.02,71.35,71.35,18608800
2021-01-21,72.54,72.79,70.65,71.65,71.65,1029200
2021-01-22,71.65,71.99,69.26,70.21,70.21,877700
2021-01-25,70.73,72.23,68.79,70.06,70.06,1081500
2021-01-26,70.75,70.79,66.82,67.83,67.83,948900
2021-01-27,67.01,71.40,65.50,68.05,68.05,1576400
2021-01-28,68.87,69.96,67.93,68.97,68.97,837500
2021-01-29,69.18,69.63,65.56,65.82,65.82,926300
2021-02-01,66.58,67.33,64.80,67.14,67.14,805000
2021-02-02,67.70,68.72,65.75,66.96,66.96,1179800
2021-02-03,67.30,68.01,66.40,67.65,67.65,1015300
2021-02-04,68.60,72.21,68.31,72.07,72.07,991300
2021-02-05,72.66,73.73,71.28,72.92,72.92,873500
2021-02-08,75.01,76.48,74.46,75.62,75.62,801800
2021-02-09,76.32,78.47,75.96,77.22,77.22,977500
2021-02-10,78.92,79.42,76.37,78.00,78.00,1454900
2021-02-11,70.65,75.47,69.37,71.78,71.78,3436600
2021-02-12,74.25,75.00,71.86,73.04,73.04,1748700
2021-02-16,73.19,73.89,68.57,69.48,69.48,1701100
2021-02-17,69.48,69.50,66.26,67.65,67.65,2314700
2021-02-18,68.04,71.58,67.70,71.25,71.25,1534500
2021-02-19,71.95,75.18,71.10,74.99,74.99,2057600
2021-02-22,74.46,75.88,71.12,71.67,71.67,2102400
2021-02-23,69.56,73.54,67.97,73.41,73.41,1592100
2021-02-24,72.92,73.44,70.60,70.67,70.67,912000
2021-02-25,70.20,71.91,66.85,67.42,67.42,1393100
2021-02-26,68.51,69.53,66.58,68.77,68.77,1351600
2021-03-01,70.43,72.10,69.79,71.17,71.17,866100
2021-03-02,71.45,71.64,69.53,69.76,69.76,906200
2021-03-03,70.34,71.48,68.50,69.34,69.34,908800
2021-03-04,68.12,68.52,62.63,65.09,65.09,1838800
2021-03-05,65.87,65.97,60.75,65.63,65.63,1399600
2021-03-08,65.43,69.37,64.60,68.08,68.08,1190700
2021-03-09,70.83,71.71,68.80,68.90,68.90,1046300
2021-03-10,69.69,70.80,67.58,67.80,67.80,1592000
2021-03-11,69.19,70.87,68.21,70.02,70.02,2119800
2021-03-12,69.14,71.42,67.68,71.29,71.29,874200
2021-03-15,71.75,73.92,71.43,73.77,73.77,1360900
2021-03-16,74.06,74.18,71.35,72.90,72.90,773700
2021-03-17,72.67,75.32,71.60,75.24,75.24,1130600
2021-03-18,74.45,75.52,72.38,73.01,73.01,1390900
2021-03-19,73.95,75.80,72.73,75.03,75.03,1637200
2021-03-22,75.14,76.77,74.14,75.04,75.04,1211600
2021-03-23,74.68,75.69,70.42,70.80,70.80,1284200
2021-03-24,71.33,71.33,66.34,66.60,66.60,1494000
2021-03-25,65.97,69.54,65.25,69.22,69.22,1014500
2021-03-26,70.24,72.49,69.22,72.44,72.44,932500
2021-03-29,71.73,73.62,70.37,70.87,70.87,811300
2021-03-30,71.32,71.87,70.13,71.42,71.42,661200
2021-03-31,72.21,73.33,71.57,72.21,72.21,903400
2021-04-01,73.38,75.31,72.85,73.78,73.78,700500
2021-04-05,74.96,74.96,71.92,72.88,72.88,847000
2021-04-06,73.99,78.40,73.48,75.06,75.06,2859700
2021-04-07,74.53,77.14,73.79,75.28,75.28,1072300
2021-04-08,75.99,77.03,74.84,76.92,76.92,937700
2021-04-09,76.57,79.73,76.20,79.00,79.00,1614500
2021-04-12,78.61,84.96,78.61,84.28,84.28,3709400
2021-04-13,84.80,85.39,81.59,82.69,82.69,1245300
2021-04-14,83.01,85.02,82.45,83.57,83.57,1156600
2021-04-15,84.15,84.96,81.58,84.50,84.50,948700
2021-04-16,85.43,87.72,84.90,86.81,86.81,1759400
2021-04-19,85.70,87.40,83.72,85.15,85.15,1629200
2021-04-20,86.00,87.37,81.51,83.23,83.23,1510600
2021-04-21,82.51,86.64,82.00,85.85,85.85,1127400
2021-04-22,87.06,88.88,85.09,85.84,85.84,1501000
2021-04-23,86.86,89.08,86.84,87.83,87.83,1339000
2021-04-26,89.70,89.70,86.82,87.99,87.99,896800
2021-04-27,88.52,89.60,87.50,88.34,88.34,821400
2021-04-28,87.32,87.76,86.01,87.62,87.62,820400
2021-04-29,88.86,89.00,86.42,88.20,88.20,666800
2021-04-30,87.29,87.56,84.58,85.42,85.42,1179900
2021-05-03,86.71,87.57,85.85,87.17,87.17,918400
2021-05-04,87.96,88.20,86.03,87.57,87.57,1269300
2021-05-05,88.22,88.94,85.82,86.70,86.70,954700
2021-05-06,87.00,88.15,85.67,88.11,88.11,1082900
2021-05-07,88.62,90.54,88.48,89.78,89.78,1019500
2021-05-10,90.45,90.65,87.58,88.22,88.22,1316200
2021-05-11,86.27,88.09,84.07,87.53,87.53,1739800
2021-05-12,85.74,87.16,80.69,81.42,81.42,2534600
2021-05-13,82.00,85.95,78.64,85.82,85.82,3634800
2021-05-14,85.91,88.77,84.25,88.55,88.55,2548300
2021-05-17,88.49,88.49,84.40,86.01,86.01,2080200
2021-05-18,86.57,87.19,85.77,86.20,86.20,2113300
2021-05-19,83.99,84.58,82.08,84.45,84.45,1499300
2021-05-20,84.50,85.60,83.75,85.51,85.51,1044600
2021-05-21,86.57,86.86,85.68,86.58,86.58,1749700
2021-05-24,87.77,91.55,87.43,87.48,87.48,2298800
2021-05-25,87.00,87.46,84.70,85.75,85.75,2208600
2021-05-26,86.49,88.04,85.94,87.62,87.62,965200
2021-05-27,88.31,88.96,86.78,87.80,87.80,1085600
2021-05-28,87.62,87.91,85.73,87.60,87.60,1142000
2021-06-01,88.16,89.08,87.57,88.00,88.00,809300
2021-06-02,87.77,87.84,86.39,87.30,87.30,807900
2021-06-03,87.06,87.31,85.40,86.45,86.45,1182600
2021-06-04,86.45,87.78,85.69,86.71,86.71,926300
2021-06-07,86.90,92.80,86.90,92.62,92.62,2067500
2021-06-08,93.34,94.21,91.95,93.66,93.66,1819500
2021-06-09,93.50,94.98,92.21,94.76,94.76,1981900
2021-06-10,95.00,95.76,91.10,91.54,91.54,1379500
2021-06-11,92.11,95.00,91.70,94.97,94.97,778400
2021-06-14,95.30,95.75,93.80,94.46,94.46,1109700
2021-06-15,94.42,94.73,91.67,92.54,92.54,807600
2021-06-16,92.40,92.40,88.66,90.22,90.22,1271500
2021-06-17,89.86,90.00,85.56,88.65,88.65,1297600
2021-06-18,88.13,88.80,85.08,85.83,85.83,2209800
2021-06-21,85.99,89.23,85.56,88.61,88.61,1005000
2021-06-22,88.48,90.08,87.50,89.94,89.94,762500
2021-06-23,90.04,90.70,89.05,89.43,89.43,765300
2021-06-24,90.17,90.50,87.33,88.88,88.88,986300
2021-06-25,89.11,93.30,89.11,92.07,92.07,10969900
2021-06-28,92.44,92.72,90.75,92.19,92.19,797300
2021-06-29,92.22,94.18,91.44,92.84,92.84,707800
2021-06-30,92.82,93.02,91.56,91.82,91.82,803000
2021-07-01,92.13,94.12,92.13,93.15,93.15,731400
2021-07-02,93.15,93.98,91.96,92.89,92.89,518700
2021-07-06,93.22,93.22,90.03,91.86,91.86,991100
2021-07-07,91.74,92.97,90.53,92.19,92.19,429900
2021-07-08,90.62,91.71,87.86,90.33,90.33,681400
2021-07-09,91.22,92.29,90.43,91.65,91.65,589400
2021-07-12,92.57,93.72,90.69,93.09,93.09,558600
2021-07-13,92.75,93.15,91.73,92.32,92.32,443700
2021-07-14,93.75,96.62,90.70,91.00,91.00,751300
2021-07-15,89.98,90.99,88.65,90.19,90.19,605100
2021-07-16,90.89,91.50,87.35,87.57,87.57,613300
2021-07-19,85.68,89.01,84.00,87.90,87.90,743800
2021-07-20,88.44,92.50,88.00,91.80,91.80,719400
2021-07-21,91.91,94.08,91.91,92.84,92.84,603100
2021-07-22,92.93,93.99,92.30,93.81,93.81,371900
2021-07-23,95.06,97.84,94.42,97.34,97.34,1144300
2021-07-26,96.67,98.79,96.18,97.56,97.56,520000
2021-07-27,97.09,97.55,94.44,96.02,96.02,520900
2021-07-28,96.50,97.18,94.70,96.48,96.48,438700
2021-07-29,97.43,98.93,96.70,96.77,96.77,810300
2021-07-30,96.55,98.68,95.62,96.33,96.33,723600
2021-08-02,98.07,99.21,97.22,97.61,97.61,1068600
2021-08-03,98.08,101.41,97.16,100.07,100.07,1663100
2021-08-04,99.81,102.32,99.68,99.72,99.72,1328600
2021-08-05,99.71,104.69,98.36,104.61,104.61,1792800
2021-08-06,105.61,105.62,101.05,101.32,101.32,924400
2021-08-09,101.80,102.68,99.84,101.36,101.36,696300
2021-08-10,101.05,103.27,100.10,101.95,101.95,771000
2021-08-11,101.93,102.96,101.00,102.25,102.25,543600
2021-08-12,102.00,102.34,100.47,102.00,102.00,598000
2021-08-13,102.00,102.20,101.21,102.00,102.00,475700
2021-08-16,101.81,102.26,99.20,102.18,102.18,601800
2021-08-17,101.01,101.19,96.19,97.74,97.74,1064600
2021-08-18,97.66,99.00,96.46,96.64,96.64,559900
2021-08-19,95.04,97.02,94.15,96.37,96.37,655200
2021-08-20,96.77,98.65,96.51,98.64,98.64,561800
2021-08-23,99.50,100.07,96.91,97.24,97.24,776700
2021-08-24,97.50,99.87,97.50,99.58,99.58,504700
2021-08-25,100.45,102.04,99.67,101.78,101.78,725800
2021-08-26,101.37,102.08,99.31,101.19,101.19,630600
2021-08-27,101.19,102.70,100.77,101.78,101.78,740200
2021-08-30,101.70,103.24,101.04,101.56,101.56,431200
2021-08-31,101.92,101.92,98.64,99.34,99.34,529100
2021-09-01,99.65,100.55,97.90,100.11,100.11,550200
2021-09-02,100.63,101.74,99.37,100.02,100.02,597500
2021-09-03,99.29,100.53,98.56,100.47,100.47,539300
2021-09-07,101.31,102.70,97.00,97.12,97.12,906700
2021-09-08,96.50,97.77,94.73,96.63,96.63,802800
2021-09-09,97.04,100.64,96.92,99.54,99.54,694300
2021-09-10,100.02,102.32,99.73,99.78,99.78,630100
2021-09-13,100.88,101.28,97.10,99.09,99.09,699000
2021-09-14,99.21,100.82,98.53,99.57,99.57,681100
2021-09-15,99.57,101.66,99.01,101.33,101.33,1002700
2021-09-16,101.30,102.82,100.27,100.50,100.50,936600
2021-09-17,100.52,101.39,98.73,99.03,99.03,3137000
2021-09-20,96.83,98.06,95.32,96.26,96.26,712000
2021-09-21,96.99,98.05,95.37,97.01,97.01,645200
2021-09-22,96.55,99.30,96.55,97.99,97.99,900100
2021-09-23,98.61,100.11,97.77,98.89,98.89,806900
2021-09-24,96.96,97.41,94.33,95.97,95.97,1171300
2021-09-27,94.95,95.43,91.17,92.43,92.43,1203300
2021-09-28,91.33,91.85,86.79,88.80,88.80,1369000
2021-09-29,90.13,90.34,87.60,87.78,87.78,723500
2021-09-30,87.56,88.17,85.18,85.69,85.69,1041300
2021-10-01,86.50,86.78,84.04,85.98,85.98,1014900
2021-10-04,85.50,85.85,82.71,84.51,84.51,810500
2021-10-05,84.58,86.26,83.78,84.83,84.83,1130900
2021-10-06,83.66,85.88,82.44,85.55,85.55,1039700
2021-10-07,86.96,89.12,86.88,87.17,87.17,892200
2021-10-08,86.98,87.69,83.57,84.78,84.78,1210300
2021-10-11,84.78,85.56,83.70,83.75,83.75,839600
2021-10-12,84.36,85.89,82.95,84.74,84.74,984800
2021-10-13,85.35,86.22,84.37,85.42,85.42,800300
2021-10-14,86.55,89.58,86.50,89.45,89.45,1353800
2021-10-15,89.70,90.20,88.08,88.13,88.13,561200
2021-10-18,87.85,88.83,87.29,88.60,88.60,575300
2021-10-19,88.99,90.51,88.23,89.95,89.95,510600
2021-10-20,90.64,91.95,89.19,89.66,89.66,410100
2021-10-21,90.19,93.14,90.17,92.72,92.72,500200
2021-10-22,93.21,93.74,92.48,93.04,93.04,574500
2021-10-25,93.00,95.16,92.99,94.46,94.46,583900
2021-10-26,94.62,95.93,93.67,93.99,93.99,535400
2021-10-27,94.23,95.05,92.69,92.72,92.72,598400
2021-10-28,93.28,95.93,93.24,95.15,95.15,533200
2021-10-29,95.04,98.62,94.73,98.33,98.33,852800
2021-11-01,98.78,100.52,97.60,100.39,100.39,510900
2021-11-02,100.51,101.70,99.15,101.65,101.65,632400
2021-11-03,102.20,105.09,102.06,104.37,104.37,778800
2021-11-04,104.47,106.97,104.40,106.74,106.74,623000
2021-11-05,107.00,108.82,105.51,107.73,107.73,935100
2021-11-08,107.87,108.36,104.81,104.93,104.93,1128300
2021-11-09,104.95,107.20,104.82,106.13,106.13,824300
2021-11-10,104.36,106.18,102.01,103.20,103.20,1143200
2021-11-11,99.59,99.59,94.95,96.61,96.61,2144600
2021-11-12,97.12,98.61,95.59,98.06,98.06,1376100
2021-11-15,98.98,102.15,98.71,102.09,102.09,1064500
2021-11-16,101.86,105.24,101.15,104.36,104.36,823300
2021-11-17,104.86,105.88,101.47,102.70,102.70,854600
2021-11-18,103.27,104.15,102.28,103.82,103.82,557500
2021-11-19,104.66,107.10,102.88,103.22,103.22,954600
2021-11-22,103.50,103.96,97.85,99.83,99.83,838700
2021-11-23,99.22,99.70,94.50,96.04,96.04,1224100
2021-11-24,94.50,97.02,93.25,96.73,96.73,468100
2021-11-26,94.61,98.06,94.27,96.87,96.87,425400
2021-11-29,98.37,98.58,95.10,95.39,95.39,521100
2021-11-30,94.98,95.24,89.27,92.16,92.16,1335900
2021-12-01,93.34,94.88,87.08,87.18,87.18,1059800
2021-12-02,87.74,89.41,85.05,88.93,88.93,1044200
2021-12-03,90.16,90.31,84.66,85.59,85.59,1307300
2021-12-06,85.43,86.56,83.56,85.55,85.55,906300
2021-12-07,87.15,90.87,87.14,90.54,90.54,938100
2021-12-08,90.44,93.97,89.64,93.04,93.04,719300
2021-12-09,93.00,94.40,90.48,90.63,90.63,579700
2021-12-10,91.04,91.61,88.26,89.97,89.97,530200
2021-12-13,89.56,89.74,85.51,87.35,87.35,1002900
2021-12-14,86.68,88.52,85.40,88.01,88.01,794700
2021-12-15,88.57,88.64,85.20,88.19,88.19,732400
2021-12-16,88.19,89.75,80.50,81.05,81.05,1986500
2021-12-17,80.19,83.18,78.66,81.75,81.75,2004000
2021-12-20,80.48,80.99,77.51,79.70,79.70,1165500
2021-12-21,80.69,83.39,80.31,82.66,82.66,883300
2021-12-22,83.06,83.71,81.55,82.40,82.40,409800
2021-12-23,82.44,83.60,81.23,83.44,83.44,845200
2021-12-27,83.91,84.68,83.30,83.97,83.97,573300
2021-12-28,82.32,83.88,81.11,81.32,81.32,1012500
2021-12-29,81.79,82.41,80.75,81.70,81.70,860300
2021-12-30,81.83,83.45,81.83,82.38,82.38,594100
2021-12-31,81.99,83.58,80.61,82.83,82.83,927500
2022-01-03,82.91,83.00,80.37,81.23,81.23,948100
2022-01-04,80.56,81.18,78.16,80.56,80.56,1112100
2022-01-05,79.83,80.15,75.52,75.68,75.68,1382300
2022-01-06,75.00,77.79,73.02,76.03,76.03,938100
2022-01-07,75.77,76.62,73.06,74.27,74.27,1117500
2022-01-10,72.79,74.81,71.29,74.72,74.72,1347200
2022-01-11,74.49,75.08,73.44,75.00,75.00,678600
2022-01-12,75.13,76.86,74.04,74.31,74.31,823400
2022-01-13,74.94,75.43,72.37,72.83,72.83,771100
2022-01-14,71.36,71.89,68.30,70.78,70.78,1256100
2022-01-18,69.47,69.88,68.12,68.57,68.57,1858100
2022-01-19,69.37,70.28,67.82,69.50,69.50,1562400
2022-01-20,70.46,71.33,66.59,67.08,67.08,1361500
2022-01-21,67.14,67.89,64.64,66.53,66.53,2065600
2022-01-24,64.70,69.04,63.52,69.00,69.00,1587900
2022-01-25,67.35,68.69,64.08,67.88,67.88,1851354
